embodiment,bas,bas_chance,n_kin_beats,skate_ratio,unstable_frac,min_margin_cm,genre,seed,pose_dtw,pose_err,rwrist_dtw,rwrist_err,energy_retained,limit_frames,rate_frames,reach_loss_frac,tip_err_cm,bas_lift
human,0.4315197546065194,0.4150526821626901,26,0.0,0.0,2.696584641644151,groove,1,,,,,,,,,,0.016467072443829334
humanoid,0.4315197546065194,0.4150526821626901,26,0.0,0.0,2.71835256679628,groove,1,0.0034911598906066095,0.003491159890606609,1.176762549095297e-16,1.176762549095297e-16,0.9963423961085354,0.18125,0.0,,,0.016467072443829334
reduced,0.42998239339106314,0.47163784301953143,29,0.0,0.0,2.8884807946644298,groove,1,0.08702071127795218,0.08780175524944783,0.058497226176215306,0.05990305897309759,0.8365432427864029,0.7770833333333333,0.0,,,-0.04165544962846829
arm,0.43577942766910854,0.39392702655974726,25,,,,groove,1,,,0.0032774241453732917,0.003277424145373294,,0.03333333333333333,0.0,0.0,0.5637169530042053,0.04185240110936128
human,0.687072447463695,0.442150188712699,33,0.03707865168539326,0.03125,-4.22857452179756,groove,2,,,,,,,,,,0.244922258750996
humanoid,0.687072447463695,0.442150188712699,33,0.03707865168539326,0.03125,-4.231186448868419,groove,2,0.003358266335652718,0.003358266335652718,1.2263573252388253e-16,1.2263573252388258e-16,0.9926204413761625,0.21666666666666667,0.0,,,0.244922258750996
reduced,0.9786816118851389,0.43791885509040257,38,0.03707865168539326,0.029166666666666667,-4.220834660297619,groove,2,0.08157224162946775,0.08157224162946772,0.05618801286631209,0.05648896670062517,0.8305145355441613,0.7770833333333333,0.0,,,0.5407627567947364
arm,0.432788568639088,0.3926022749505959,26,,,,groove,2,,,0.0032599615503334915,0.0032599615503335,,0.03333333333333333,0.0,0.0,0.5607133866573603,0.04018629368849208
human,0.6840870784143468,0.42775307889293557,31,0.0335195530726257,0.020833333333333332,-3.744119350587975,groove,3,,,,,,,,,,0.2563339995214112
humanoid,0.6840870784143468,0.42775307889293557,31,0.0335195530726257,0.020833333333333332,-3.746805066738899,groove,3,0.0034645833278817563,0.003464583327881757,1.3138980362318702e-16,1.3138980362318702e-16,0.9935648871786341,0.23125,0.0,,,0.2563339995214112
reduced,0.6840870784143468,0.42775307889293557,31,0.0335195530726257,0.020833333333333332,-3.7166071135854946,groove,3,0.0034645833278817563,0.003464583327881757,1.3360115179540613e-16,1.3360115179540609e-16,0.9352539370329154,0.6916666666666667,0.0,,,0.2563339995214112
arm,0.6907962535433476,0.29514041215554454,24,,,,groove,3,,,0.005292635848863715,0.005292635848863732,,0.058333333333333334,0.0,0.0,0.9103333660045602,0.3956558413878031
human,0.7146497332106587,0.41352606995237323,31,0.032474804031354984,0.022916666666666665,-3.847543935291159,groove,4,,,,,,,,,,0.3011236632582855
humanoid,0.7146497332106587,0.41352606995237323,31,0.032474804031354984,0.022916666666666665,-3.8500574063352437,groove,4,0.0034734179439302863,0.003473417943930285,1.149331551622276e-16,1.1493315516222762e-16,0.9921483462053037,0.225,0.0,,,0.3011236632582855
reduced,0.9691547020751835,0.4248903622276769,37,0.032474804031354984,0.020833333333333332,-3.823124975358691,groove,4,0.07983284567658484,0.07983284567658486,0.05512159327515842,0.05512159327515841,0.8819504972682475,0.7166666666666667,0.0,,,0.5442643398475067
arm,0.7115151177883103,0.30588909399352554,25,,,,groove,4,,,0.0053568030920341965,0.005356803092034225,,0.058333333333333334,0.0,0.0,0.9213701318298848,0.4056260237947848
human,0.9644705373857525,0.3691970728671144,34,0.0031512605042016808,0.0125,-4.148912405734744,groove,5,,,,,,,,,,0.5952734645186382
humanoid,0.9644705373857525,0.3691970728671144,34,0.0031512605042016808,0.0125,-4.151680074757169,groove,5,0.004887071601422663,0.00488707160142266,1.2993615113121113e-16,1.299361511312111e-16,0.9946635271175385,0.3333333333333333,0.0,,,0.5952734645186382
reduced,0.9644705373857525,0.3691970728671144,34,0.0031512605042016808,0.0125,-4.140056596493153,groove,5,0.004887071601422663,0.004887071601422661,1.3183691154357917e-16,1.318369115435792e-16,0.9400693445340378,0.6645833333333333,0.0,,,0.5952734645186382
arm,0.6888874307816109,0.29514525981639855,25,,,,groove,5,,,0.005013925655491807,0.005013925655491821,,0.052083333333333336,0.0,0.0,0.8623952127445921,0.3937421709652123
human,0.7581231412131496,0.4910400729017132,40,0.0891089108910891,0.016666666666666666,-3.4982206975179992,house,1,,,,,,,,,,0.2670830683114364
humanoid,0.7581231412131496,0.4910400729017132,40,0.0891089108910891,0.016666666666666666,-3.501595673776716,house,1,0.10287565568758587,0.10530130643087456,0.07028019004152465,0.07212617194061248,0.7082063009478625,0.6625,0.05416666666666667,,,0.2670830683114364
reduced,0.9407454978994819,0.4926371817912519,44,0.0891089108910891,0.016666666666666666,-3.494508854341294,house,1,0.1708892009411718,0.17388036772202445,0.11850148158352362,0.12156511174604158,0.6781854354791089,0.8229166666666666,0.05416666666666667,,,0.44810831610823004
arm,0.7583413974323517,0.5615434488871744,46,,,,house,1,,,0.002538444327362696,0.0025384443273626925,,0.025,0.022916666666666665,0.0,0.4366124243063815,0.1967979485451773
human,0.7675135536761531,0.5893622307867047,47,0.11699779249448124,0.025,-3.8849135416296727,house,2,,,,,,,,,,0.17815132288944846
humanoid,0.7690555212084573,0.5891627052356189,47,0.11699779249448124,0.025,-3.887438116528508,house,2,0.05181350558185591,0.05299641982528762,0.03563180247846785,0.036474068000227455,0.7748634180066137,0.25833333333333336,0.027083333333333334,,,0.17989281597283846
reduced,0.9470795038012415,0.5201245738424731,46,0.11699779249448124,0.022916666666666665,-3.8578762363559123,house,2,0.11443716591612357,0.11587066004859037,0.07981099730186873,0.08102765168004396,0.7442607787179945,0.85625,0.027083333333333334,,,0.4269549299587684
arm,0.7722179064525799,0.4866762801831332,39,,,,house,2,,,0.0043687445403542274,0.00436874454035423,,0.04583333333333333,0.010416666666666666,0.0,0.7514240609409264,0.28554162626944674
human,0.9487942157337065,0.418786900868243,38,0.0912087912087912,0.016666666666666666,-3.565897171310405,house,3,,,,,,,,,,0.5300073148654635
humanoid,0.945427574334554,0.42153664204280084,38,0.0912087912087912,0.016666666666666666,-3.5692464075109545,house,3,0.10607912388560634,0.10960408650038227,0.07252592733712332,0.07519454277318269,0.7270174597456471,0.68125,0.07083333333333333,,,0.5238909322917532
reduced,0.945427574334554,0.42153664204280084,38,0.0912087912087912,0.016666666666666666,-3.5633241274049476,house,3,0.10749473485443552,0.11102354289877056,0.07347065398947508,0.07613743003602934,0.7232857908634891,0.71875,0.07083333333333333,,,0.5238909322917532
arm,0.9461468294224982,0.49189831322085387,44,,,,house,3,,,0.003981347875538509,0.003981347875538509,,0.03958333333333333,0.01875,0.0,0.684791834592622,0.4542485162016443
human,0.7653950801874913,0.5944207767496689,49,0.12746234067207415,0.029166666666666667,-3.5935781932385726,house,4,,,,,,,,,,0.17097430343782238
humanoid,0.7697209251355127,0.631979666887123,52,0.12746234067207415,0.029166666666666667,-3.596561557263424,house,4,0.1006233199241041,0.10402780939487553,0.07031334829023429,0.0728448275813617,0.7107798746173632,0.46041666666666664,0.05416666666666667,,,0.13774125824838968
reduced,0.9164895265770953,0.5530169312634389,49,0.12746234067207415,0.029166666666666667,-3.556847113868687,house,4,0.16412119381895143,0.16803589709378872,0.11500302147066155,0.11817168480880803,0.6812339198633753,0.8625,0.05416666666666667,,,0.3634725953136564
arm,0.7672406788376694,0.5613703117339365,45,,,,house,4,,,0.0028347554806845924,0.002834755480684593,,0.022916666666666665,0.025,0.0,0.48757794267774834,0.20587036710373297
human,0.9500386069238944,0.44172641519736633,40,0.08280922431865828,0.008333333333333333,-4.020903923501739,house,5,,,,,,,,,,0.5083121917265281
humanoid,0.952580788227061,0.44101731122767635,40,0.08280922431865828,0.008333333333333333,-4.0231940598914155,house,5,0.10094634834145776,0.10341635864760394,0.06978880196480433,0.07157862990363609,0.7351534963630735,0.5479166666666667,0.05625,,,0.5115634769993846
reduced,0.952580788227061,0.44101731122767635,40,0.08280922431865828,0.008333333333333333,-3.998099473567497,house,5,0.10227639058428482,0.10474673471633777,0.07069023366485781,0.07248360681694237,0.7324347484368271,0.8,0.05625,,,0.5115634769993846
arm,0.9490114182990417,0.4881462749768459,44,,,,house,5,,,0.004087757170733791,0.0040877571707337865,,0.041666666666666664,0.014583333333333334,0.0,0.7030942333662096,0.4608651433221958
human,0.6561408334567609,0.5211962532112498,36,0.08926553672316384,0.020833333333333332,-4.4480732652034245,pop,1,,,,,,,,,,0.13494458024551104
humanoid,0.6328519553931714,0.5490896292978934,38,0.09496567505720824,0.041666666666666664,-6.480214651588083,pop,1,0.06244063535874055,0.06653567321356141,0.03706486383216315,0.03906785798815418,0.759428817068568,0.3104166666666667,0.18541666666666667,,,0.083762326095278
reduced,0.6325289284017613,0.544784619646738,38,0.09496567505720824,0.035416666666666666,-6.601091565223705,pop,1,0.12161699197057887,0.12580721341704743,0.08192590643389225,0.0849914427960458,0.7303683769872527,0.79375,0.18541666666666667,,,0.08774430875502337
arm,0.8016836032233126,0.5424285041024318,43,,,,pop,1,,,0.005774070003622932,0.005774070003622946,,0.04375,0.12083333333333333,0.0,0.9931400406231448,0.25925509912088074
human,0.8060484698947692,0.5661378459644466,48,0.13610149942329874,0.029166666666666667,-4.02671069631228,pop,2,,,,,,,,,,0.2399106239303226
humanoid,0.8084136680611563,0.5879627448081897,49,0.13610149942329874,0.029166666666666667,-4.0290062715204416,pop,2,0.13166168438337264,0.13866794596956006,0.09215556358924826,0.09755916129157088,0.6849664477354492,0.5145833333333333,0.10208333333333333,,,0.22045092325296667
reduced,0.9783712701606916,0.5943306671662653,52,0.13610149942329874,0.029166666666666667,-4.002105099011603,pop,2,0.1907222459338687,0.19858575248357296,0.13327913126617255,0.13996023556956375,0.658344197846749,0.8645833333333334,0.10208333333333333,,,0.3840406029944263
arm,0.8231038435691959,0.6416936803625878,52,,,,pop,2,,,0.004375264212933422,0.0043752642129334185,,0.01875,0.13333333333333333,0.0,0.7525454446245462,0.18141016320660808
human,0.6214496365382296,0.4837497987993085,33,0.09385863267670916,0.027083333333333334,-3.972450345635721,pop,3,,,,,,,,,,0.13769983773892108
humanoid,0.6163513021463088,0.5510877302656146,39,0.09976525821596244,0.04583333333333333,-5.821894330923473,pop,3,0.10899260307402855,0.11482126998837441,0.07338206502778662,0.07696534916332662,0.7013681534374974,0.5145833333333333,0.21458333333333332,,,0.0652635718806942
reduced,0.6427703830909978,0.5587754489156714,40,0.09976525821596244,0.03958333333333333,-5.8436094212241185,pop,3,0.13719289081620403,0.14342730969241982,0.09340888010204534,0.09726758867381044,0.6889090396581277,0.7541666666666667,0.21458333333333332,,,0.08399493417532633
arm,0.9332581491556913,0.573636884816482,49,,,,pop,3,,,0.005190970090676682,0.005190970090676694,,0.04375,0.09166666666666666,0.0,0.89284685559639,0.35962126433920927
human,0.7503885407231431,0.5684786346874188,43,0.0744920993227991,0.025,-4.7435161078336385,pop,4,,,,,,,,,,0.18190990603572432
humanoid,0.7462744265339273,0.573248003987532,43,0.0782312925170068,0.03333333333333333,-6.578775106928318,pop,4,0.06673273409399333,0.07049562588498742,0.04074467742347674,0.04333717545129183,0.7438513029429416,0.35833333333333334,0.1375,,,0.17302642254639533
reduced,0.8799830546088536,0.5854895611117957,48,0.0782312925170068,0.027083333333333334,-6.60297881542017,pop,4,0.15263464067355095,0.15746751376604928,0.10129806814095328,0.10501404699272833,0.7043034361888318,0.6979166666666666,0.1375,,,0.2944934934970579
arm,0.7697464244252463,0.5680971015782615,42,,,,pop,4,,,0.005862390266051711,0.0058623902660517304,,0.035416666666666666,0.15208333333333332,0.0,1.0083311257608962,0.20164932284698478
human,0.8212232859185954,0.535536762846661,41,0.09261430246189918,0.0375,-4.801933944666927,pop,5,,,,,,,,,,0.28568652307193443
humanoid,0.8172426154169904,0.5718973417527625,46,0.09750297265160524,0.05625,-6.711361612984368,pop,5,0.14036276468136055,0.14845882673038202,0.09250625486834947,0.09820551641070369,0.6981265189299034,0.5125,0.22708333333333333,,,0.24534527366422787
reduced,0.8172426154169904,0.5718973417527625,46,0.09750297265160524,0.052083333333333336,-6.738336716078192,pop,5,0.1416881283434627,0.149851714920823,0.09323031696293033,0.09914859096180019,0.6938304955719166,0.7208333333333333,0.22708333333333333,,,0.24534527366422787
arm,0.9758123861714071,0.5771656288106789,50,,,,pop,5,,,0.0047368628676496905,0.004736862867649703,,0.03333333333333333,0.07291666666666667,0.0,0.8147404132357476,0.3986467573607282
