metric,comparison,n,mean_diff,ci_lo,ci_hi,p_wilcoxon
bas_lift,humanoid - human,15,-0.015110640199316497,-0.0279509265792023,-0.004845640413940504,0.020879263166351643
bas_lift,reduced - human,15,0.08105252293769374,0.020838557798124796,0.14060902360220182,0.07473549830588254
bas_lift,arm - human,15,0.015477920567732636,-0.048092262651719134,0.07766583010707087,0.5614013671875
rwrist_dtw,reduced - humanoid,15,0.03173546855872582,0.01941828437547464,0.04331801705483635,6.103515625e-05
rwrist_dtw,arm - humanoid,15,-0.039229475848364996,-0.0563641188283831,-0.021886035636015846,0.00836181640625
limit_frames,reduced - humanoid,15,0.3673611111111111,0.28527430555555555,0.4480694444444445,6.103515625e-05
energy_retained,reduced - humanoid,15,-0.0502409074001104,-0.07829886709222234,-0.027622265735096168,6.103515625e-05
skate_ratio,humanoid - human,15,0.0013489751504807662,0.0003259113459804064,0.0025794400808697034,0.06788915486182899
unstable_frac,humanoid - human,15,0.00444444444444444,0.0005555555555555532,0.00861458333333334,0.06559969214707187
unstable_frac,reduced - humanoid,15,-0.0019444444444444535,-0.0031944444444444555,-0.0008333333333333328,0.01775592261403605
