genre,seed,embodiment,group,move,frames,clip_frac,angle_loss
groove,1,humanoid,leg,bounce,176,0.0,4.69601910668469e-18
groove,1,humanoid,leg,sway,304,0.0,4.463615961577749e-18
groove,1,humanoid,arm,arm_pump,155,0.0,4.0887555467326535e-21
groove,1,humanoid,arm,arm_wave,157,0.0,7.959614463820327e-20
groove,1,humanoid,arm,torso_twist,168,0.0,4.576287866270717e-20
groove,1,reduced,leg,bounce,176,0.0,0.0042343819635374865
groove,1,reduced,leg,sway,304,0.4967105263157895,0.006830822363500746
groove,1,reduced,arm,arm_pump,155,0.0,4.0887555467326535e-21
groove,1,reduced,arm,arm_wave,157,0.8152866242038217,0.024043858981495476
groove,1,reduced,arm,torso_twist,168,0.9285714285714286,0.04567161990131309
groove,2,humanoid,leg,bounce,157,0.0,5.500043292552085e-18
groove,2,humanoid,leg,step_touch,166,0.13253012048192772,0.0015515436070026678
groove,2,humanoid,leg,sway,157,0.0,4.478606681078126e-18
groove,2,humanoid,arm,arm_pump,157,0.0,6.92013329306698e-21
groove,2,humanoid,arm,arm_wave,166,0.0,1.0074589464210184e-19
groove,2,humanoid,arm,torso_twist,157,0.0,3.7413319394221795e-20
groove,2,reduced,leg,bounce,157,0.0,0.004238470289166709
groove,2,reduced,leg,step_touch,166,0.6987951807228916,0.014759137829595165
groove,2,reduced,leg,sway,157,0.4968152866242038,0.006772342629067779
groove,2,reduced,arm,arm_pump,157,0.0,6.92013329306698e-21
groove,2,reduced,arm,arm_wave,166,0.8192771084337349,0.024003357133241317
groove,2,reduced,arm,torso_twist,157,0.9363057324840764,0.04615476731650138
groove,3,humanoid,leg,bounce,166,0.0,6.465154159463763e-18
groove,3,humanoid,leg,step_touch,156,0.14743589743589744,0.0015898945148986484
groove,3,humanoid,leg,sway,158,0.0,5.543307647565831e-18
groove,3,humanoid,arm,arm_pump,322,0.0,6.776427986603358e-21
groove,3,humanoid,arm,arm_wave,158,0.0,8.845686583451792e-20
groove,3,reduced,leg,bounce,166,0.0,0.00424009972071434
groove,3,reduced,leg,step_touch,156,0.6923076923076923,0.014814386989157512
groove,3,reduced,leg,sway,158,0.4936708860759494,0.006766932780641442
groove,3,reduced,arm,arm_pump,322,0.0,6.776427986603358e-21
groove,3,reduced,arm,arm_wave,158,0.7974683544303798,0.0240348702083561
groove,4,humanoid,leg,bounce,168,0.0,4.332219474397105e-18
groove,4,humanoid,leg,step_touch,155,0.14193548387096774,0.0015968580655078375
groove,4,humanoid,leg,sway,157,0.0,5.107183057369793e-18
groove,4,humanoid,arm,arm_pump,312,0.0,6.389454127829264e-21
groove,4,humanoid,arm,arm_wave,21,0.0,9.817179083514424e-20
groove,4,humanoid,arm,torso_twist,147,0.0,3.3036205652548675e-20
groove,4,reduced,leg,bounce,168,0.0,0.004240952748530398
groove,4,reduced,leg,step_touch,155,0.7096774193548387,0.014829859079966565
groove,4,reduced,leg,sway,157,0.4840764331210191,0.006774932020655552
groove,4,reduced,arm,arm_pump,312,0.0,6.389454127829264e-21
groove,4,reduced,arm,arm_wave,21,0.6190476190476191,0.015768896870278007
groove,4,reduced,arm,torso_twist,147,0.9659863945578231,0.04787501677676032
groove,5,humanoid,leg,bounce,304,0.0,4.7070859231183535e-18
groove,5,humanoid,leg,step_touch,21,0.0,0.0005571056804232956
groove,5,humanoid,leg,sway,155,0.0,4.8547386739881396e-18
groove,5,humanoid,arm,arm_pump,302,0.0,5.884179416491121e-21
groove,5,humanoid,arm,arm_wave,178,0.0,1.140033859203818e-19
groove,5,reduced,leg,bounce,304,0.0,0.004242264927037777
groove,5,reduced,leg,step_touch,21,0.5714285714285714,0.010898311258706148
groove,5,reduced,leg,sway,155,0.49032258064516127,0.006778691960141701
groove,5,reduced,arm,arm_pump,302,0.0,5.884179416491121e-21
groove,5,reduced,arm,arm_wave,178,0.8033707865168539,0.023079803900233516
house,1,humanoid,leg,bounce,232,0.0,4.306899664494142e-18
house,1,humanoid,leg,squat_pulse,132,0.0,4.392296477894138e-18
house,1,humanoid,leg,step_touch,116,0.15517241379310345,0.001691753014049477
house,1,humanoid,arm,arm_pump,116,0.0,1.5801013233096856e-20
house,1,humanoid,arm,arms_up,232,0.853448275862069,0.04117283789232251
house,1,humanoid,arm,torso_twist,132,0.0,4.759613955349567e-20
house,1,reduced,leg,bounce,232,0.0,0.004277552795757468
house,1,reduced,leg,squat_pulse,132,0.8939393939393939,0.018700626697249027
house,1,reduced,leg,step_touch,116,0.6982758620689655,0.014937420876478978
house,1,reduced,arm,arm_pump,116,0.0,1.5801013233096856e-20
house,1,reduced,arm,arms_up,232,0.853448275862069,0.043037338011238394
house,1,reduced,arm,torso_twist,132,0.9166666666666666,0.04626834224468059
house,2,humanoid,leg,bounce,118,0.0,6.586068790149234e-18
house,2,humanoid,leg,squat_pulse,231,0.0,6.4616154872363605e-18
house,2,humanoid,leg,step_touch,131,0.13740458015267176,0.0015712763052571808
house,2,humanoid,arm,arm_pump,247,0.0,1.7426188289682855e-20
house,2,humanoid,arm,arms_up,118,0.847457627118644,0.0409368083354119
house,2,humanoid,arm,torso_twist,115,0.0,4.8260009065809145e-20
house,2,reduced,leg,bounce,118,0.0,0.004276898073979077
house,2,reduced,leg,squat_pulse,231,0.9177489177489178,0.01933954235884783
house,2,reduced,leg,step_touch,131,0.6946564885496184,0.01451340737600897
house,2,reduced,arm,arm_pump,247,0.0,1.7426188289682855e-20
house,2,reduced,arm,arms_up,118,0.847457627118644,0.04278748673218417
house,2,reduced,arm,torso_twist,115,0.9391304347826087,0.048184868238413024
house,3,humanoid,leg,bounce,234,0.0,5.271714266976052e-18
house,3,humanoid,leg,squat_pulse,131,0.0,4.802491455121542e-18
house,3,humanoid,leg,step_touch,115,0.14782608695652175,0.0016902717041998693
house,3,humanoid,arm,arm_pump,234,0.0,2.131099112071247e-20
house,3,humanoid,arm,arms_up,246,0.8333333333333334,0.04045953636521011
house,3,reduced,leg,bounce,234,0.0,0.004276541240043846
house,3,reduced,leg,squat_pulse,131,0.8854961832061069,0.018761091791569554
house,3,reduced,leg,step_touch,115,0.7130434782608696,0.01494121282217672
house,3,reduced,arm,arm_pump,234,0.0,2.131099112071247e-20
house,3,reduced,arm,arms_up,246,0.8333333333333334,0.04229412724206154
house,4,humanoid,leg,bounce,116,0.0,4.785444071660158e-18
house,4,humanoid,leg,squat_pulse,132,0.0,4.766108944097894e-18
house,4,humanoid,leg,step_touch,232,0.15086206896551724,0.0016832231749880772
house,4,humanoid,arm,arm_pump,132,0.0,1.3748811266675833e-20
house,4,humanoid,arm,arms_up,232,0.8620689655172413,0.0415796274787714
house,4,humanoid,arm,torso_twist,116,0.0,5.232132251200701e-20
house,4,reduced,leg,bounce,116,0.0,0.00427836648776357
house,4,reduced,leg,squat_pulse,132,0.8863636363636364,0.018690932230438603
house,4,reduced,leg,step_touch,232,0.7112068965517241,0.014904133224561758
house,4,reduced,arm,arm_pump,132,0.0,1.3748811266675833e-20
house,4,reduced,arm,arms_up,232,0.8620689655172413,0.043444518879471795
house,4,reduced,arm,torso_twist,116,0.9310344827586207,0.04805773817932009
house,5,humanoid,leg,bounce,232,0.0,5.636189684399741e-18
house,5,humanoid,leg,squat_pulse,232,0.0,4.7322724708639334e-18
house,5,humanoid,leg,step_touch,16,0.0,0.0005938677975456582
house,5,humanoid,arm,arm_pump,248,0.0,1.6376872686259906e-06
house,5,humanoid,arm,arms_up,232,0.853448275862069,0.040855303066487735
house,5,reduced,leg,bounce,232,0.0,0.004277493018661051
house,5,reduced,leg,squat_pulse,232,0.9137931034482759,0.01933374872614728
house,5,reduced,leg,step_touch,16,0.5,0.010903874263781985
house,5,reduced,arm,arm_pump,248,0.0,1.6376872686259906e-06
house,5,reduced,arm,arms_up,232,0.853448275862069,0.04270713719247177
pop,1,humanoid,leg,bounce,105,0.0,6.696583323135865e-18
pop,1,humanoid,leg,kick,208,0.0,0.009755436988158103
pop,1,humanoid,leg,squat_pulse,119,0.0,1.0016420182406841e-07
pop,1,humanoid,leg,step_touch,48,0.16666666666666666,0.0019345457319448539
pop,1,humanoid,arm,arm_pump,258,0.0,0.00027379381729837577
pop,1,humanoid,arm,arms_up,104,0.8557692307692307,0.048867959071087035
pop,1,humanoid,arm,torso_twist,118,0.0,1.0971230140537904e-19
pop,1,reduced,leg,bounce,105,0.0,0.004309375077559217
pop,1,reduced,leg,kick,208,0.32211538461538464,0.016575728009459372
pop,1,reduced,leg,squat_pulse,119,0.8907563025210085,0.019272748463753275
pop,1,reduced,leg,step_touch,48,0.7291666666666666,0.01548863176284565
pop,1,reduced,arm,arm_pump,258,0.0,0.00027379381729837577
pop,1,reduced,arm,arms_up,104,0.8557692307692307,0.05072433964410757
pop,1,reduced,arm,torso_twist,118,0.923728813559322,0.04787473885564584
pop,2,humanoid,leg,bounce,62,0.0,4.775152794086695e-18
pop,2,humanoid,leg,squat_pulse,207,0.0,8.622828301674637e-08
pop,2,humanoid,leg,step_touch,211,0.15165876777251186,0.0017589161612656316
pop,2,humanoid,arm,arm_pump,105,0.0,0.0002668315547386074
pop,2,humanoid,arm,arms_up,272,0.8382352941176471,0.04753241363361094
pop,2,humanoid,arm,torso_twist,103,0.0,7.905332455258369e-20
pop,2,reduced,leg,bounce,62,0.0,0.004288409825967154
pop,2,reduced,leg,squat_pulse,207,0.9178743961352657,0.02003726555125074
pop,2,reduced,leg,step_touch,211,0.7014218009478673,0.0149316742528789
pop,2,reduced,arm,arm_pump,105,0.0,0.0002668315547386074
pop,2,reduced,arm,arms_up,272,0.8382352941176471,0.049339509618088084
pop,2,reduced,arm,torso_twist,103,0.941747572815534,0.04988237530279403
pop,3,humanoid,leg,bounce,104,0.0,6.1679056923619804e-18
pop,3,humanoid,leg,kick,209,0.0,0.009583263149603123
pop,3,humanoid,leg,squat_pulse,62,0.0,2.90735770690653e-07
pop,3,humanoid,leg,step_touch,105,0.14285714285714285,0.0017581247660412472
pop,3,humanoid,arm,arm_pump,223,0.0,0.0003446328699871765
pop,3,humanoid,arm,arms_up,209,0.8564593301435407,0.048363153508370324
pop,3,humanoid,arm,torso_twist,48,0.0,2.3266361106522987e-05
pop,3,reduced,leg,bounce,104,0.0,0.004310218391948129
pop,3,reduced,leg,kick,209,0.31100478468899523,0.016390414511306555
pop,3,reduced,leg,squat_pulse,62,0.8548387096774194,0.018154174654021533
pop,3,reduced,leg,step_touch,105,0.7142857142857143,0.014994841050019622
pop,3,reduced,arm,arm_pump,223,0.0,0.0003446328699871765
pop,3,reduced,arm,arms_up,209,0.8564593301435407,0.05021675556241223
pop,3,reduced,arm,torso_twist,48,0.9375,0.05025557117387471
pop,4,humanoid,leg,bounce,210,0.0,6.109163733387105e-18
pop,4,humanoid,leg,kick,104,0.0,0.009589795539896107
pop,4,humanoid,leg,squat_pulse,62,0.0,4.974117493840307e-18
pop,4,humanoid,leg,step_touch,104,0.16346153846153846,0.0017758209693171884
pop,4,humanoid,arm,arm_pump,209,0.0,0.00030991406454633643
pop,4,humanoid,arm,arms_up,119,0.8235294117647058,0.0473917310083593
pop,4,humanoid,arm,torso_twist,152,0.0,6.805159182769493e-05
pop,4,reduced,leg,bounce,210,0.0,0.0043100180873089965
pop,4,reduced,leg,kick,104,0.3269230769230769,0.016425575133344576
pop,4,reduced,leg,squat_pulse,62,0.8548387096774194,0.018204632540708098
pop,4,reduced,leg,step_touch,104,0.7115384615384616,0.01501843752601063
pop,4,reduced,arm,arm_pump,209,0.0,0.00030991406454633643
pop,4,reduced,arm,arms_up,119,0.8235294117647058,0.04920650945876637
pop,4,reduced,arm,torso_twist,152,0.9407894736842105,0.0499284944483812
pop,5,humanoid,leg,bounce,49,0.0,5.790278813237778e-18
pop,5,humanoid,leg,kick,209,0.0,0.00956093222764936
pop,5,humanoid,leg,squat_pulse,103,0.0,2.592848281999171e-07
pop,5,humanoid,leg,step_touch,119,0.13445378151260504,0.001622202527838305
pop,5,humanoid,arm,arm_pump,209,0.0,0.00030314645985148796
pop,5,humanoid,arm,arms_up,271,0.8413284132841329,0.04777571292149196
pop,5,reduced,leg,bounce,49,0.0,0.00429634850234235
pop,5,reduced,leg,kick,209,0.32057416267942584,0.016389272635685726
pop,5,reduced,leg,squat_pulse,103,0.9223300970873787,0.02001855620970187
pop,5,reduced,leg,step_touch,119,0.680672268907563,0.0144826807274878
pop,5,reduced,arm,arm_pump,209,0.0,0.00030314645985148796
pop,5,reduced,arm,arms_up,271,0.8413284132841329,0.04959245797231514
