,,bas,bas,bas_chance,bas_chance,bas_lift,bas_lift,pose_dtw,pose_dtw,rwrist_dtw,rwrist_dtw,energy_retained,energy_retained,limit_frames,limit_frames,rate_frames,rate_frames,skate_ratio,skate_ratio,unstable_frac,unstable_frac,reach_loss_frac,reach_loss_frac
,,mean,std,mean,std,mean,std,mean,std,mean,std,mean,std,mean,std,mean,std,mean,std,mean,std,mean,std
genre,embodiment,,,,,,,,,,,,,,,,,,,,,,
groove,arm,0.591953359684293,0.14420894004568768,0.33654081349516235,0.05196916853835758,0.2554125461891307,0.19576620694416252,,,0.0044401500584193,0.0010771466597250606,,,0.04708333333333333,0.0128086884574495,0.0,0.0,,,,,0.0,0.0
groove,human,0.6963599102161945,0.18880877456741446,0.41353581851756244,0.02733650494509602,0.28282409169863204,0.20678722187645782,,,,,,,,,,,0.021244853858715124,0.018070771367353997,0.017499999999999998,0.011840226865319018,,
groove,humanoid,0.6963599102161945,0.18880877456741446,0.41353581851756244,0.02733650494509602,0.28282409169863204,0.20678722187645782,0.003734899819898807,0.000646182158149502,1.233142194700076e-16,7.272452581370728e-18,0.9938679195972349,0.0016853032768876256,0.2375,0.0569592629770513,0.0,0.0,0.021244853858715124,0.018070771367353997,0.017499999999999998,0.011840226865319018,,
groove,reduced,0.805275264630297,0.24382405635750093,0.4262794424195322,0.03693019934371723,0.37899582221076483,0.27030152508552013,0.051355490702661835,0.04315342606478578,0.033961366463537215,0.031026344632484427,0.884866311433153,0.052163263306394994,0.7254166666666666,0.050634001257389614,0.0,0.0,0.021244853858715124,0.018070771367353997,0.016666666666666666,0.011023963796102461,,
house,arm,0.8385916460888282,0.09962075562765207,0.5179269258003887,0.0397828718022464,0.3206647202884394,0.129667981348601,,,0.0035622098789347633,0.0008184834424569139,,,0.034999999999999996,0.010353978033157647,0.018333333333333333,0.005965758776365147,,,,,0.0,0.0
house,human,0.837972919546879,0.1017940691798141,0.5070672793007392,0.0817355761580518,0.3309056402461398,0.1761390047640977,,,,,,,,,,,0.1015174119170188,0.01951292105734058,0.01916666666666667,0.008122328620674137,,
house,humanoid,0.838981590023747,0.10057374030171756,0.5149472796589865,0.0921510323340019,0.32403431036476044,0.18291744948919664,0.092467590684122,0.022829594496844782,0.0637080140224309,0.01573077533294431,0.731204109936112,0.02685753842395742,0.5220833333333333,0.17254352309232332,0.052500000000000005,0.015825107512360784,0.1015174119170188,0.01951292105734058,0.01916666666666667,0.008122328620674137,,
house,reduced,0.9404645781678868,0.014054119795987915,0.48566652803352817,0.054493620242585805,0.45479805013435853,0.06549135559874499,0.13184373722299342,0.03292595127528692,0.09149527760207736,0.0233249243890409,0.7118801346721589,0.030313406624828745,0.8120833333333334,0.05802373197427259,0.052500000000000005,0.015825107512360784,0.1015174119170188,0.01951292105734058,0.01875,0.007795119555779045,,
pop,arm,0.8607208813089706,0.08900070681676456,0.5806043599340884,0.036763103554135194,0.28011652137488224,0.09579361450901083,,,0.0051879114881868875,0.0006446613906002892,,,0.034999999999999996,0.010248644896874036,0.11416666666666667,0.031848436643996614,,,,,0.0,0.0
pop,human,0.7310501533062996,0.0890976908234038,0.5350198591018169,0.03502783579809229,0.1960302942044827,0.06575905769355239,,,,,,,,,,,0.09726641412157401,0.023043992825465234,0.027916666666666666,0.00618016540591305,,
pop,humanoid,0.7242267935103108,0.0951471935628126,0.5666570900223984,0.016400091085782637,0.1575697034879124,0.08041371085337227,0.10203808431829912,0.03608715095236731,0.06717068494820484,0.02696947740107008,0.717548248022872,0.03219629440417538,0.4420833333333333,0.09977622531890493,0.17333333333333334,0.05267167697686828,0.10131333957301629,0.021214412900394688,0.041249999999999995,0.010663736576724772,,
pop,reduced,0.7901792503358589,0.15066219123050154,0.5710555277186466,0.019948327207429107,0.21912372261721239,0.1314211639992664,0.14877097954753304,0.025963409781329314,0.10062846058119874,0.01951380968306239,0.6951511092505755,0.026074303517044747,0.76625,0.06577199146377667,0.17333333333333334,0.05267167697686828,0.10131333957301629,0.021214412900394688,0.03666666666666667,0.00994778032192777,,
