genre,seed,vmax,bas_lift,pose_dtw,rate_frames
groove,1,2.0,-0.09484038028735353,0.021811771787520345,0.8291666666666667
groove,1,3.0,-0.08853677325065645,0.007821221288960878,0.44583333333333336
groove,1,4.0,0.016467072443829334,0.004208252975244126,0.18958333333333333
groove,1,6.0,0.016467072443829334,0.0034911598906066095,0.0
groove,1,8.0,0.016467072443829334,0.0034911598906066095,0.0
groove,1,12.0,0.016467072443829334,0.0034911598906066095,0.0
groove,1,20.0,0.016467072443829334,0.0034911598906066095,0.0
groove,1,inf,0.016467072443829334,0.0034911598906066095,0.0
groove,2,2.0,-0.10873993001989402,0.026580591531420644,0.8708333333333333
groove,2,3.0,0.159408790322629,0.008338343689238388,0.45208333333333334
groove,2,4.0,0.24597685056665136,0.004009224785557593,0.20625
groove,2,6.0,0.244922258750996,0.003358266335652718,0.0
groove,2,8.0,0.244922258750996,0.003358266335652718,0.0
groove,2,12.0,0.244922258750996,0.003358266335652718,0.0
groove,2,20.0,0.244922258750996,0.003358266335652718,0.0
groove,2,inf,0.244922258750996,0.003358266335652718,0.0
groove,3,2.0,0.12765271558837143,0.03923724499467824,0.95625
groove,3,3.0,0.15232985585938097,0.01219453091751068,0.61875
groove,3,4.0,0.23773382166050677,0.004614945083907472,0.23333333333333334
groove,3,6.0,0.2563339995214112,0.0034645833278817563,0.0
groove,3,8.0,0.2563339995214112,0.0034645833278817563,0.0
groove,3,12.0,0.2563339995214112,0.0034645833278817563,0.0
groove,3,20.0,0.2563339995214112,0.0034645833278817563,0.0
groove,3,inf,0.2563339995214112,0.0034645833278817563,0.0
groove,4,2.0,-0.10000557409488181,0.040474617004013634,0.8729166666666667
groove,4,3.0,0.2344123719945625,0.011844280511832058,0.37083333333333335
groove,4,4.0,0.283415100646167,0.004540237865657424,0.07916666666666666
groove,4,6.0,0.3011236632582855,0.0034734179439302863,0.0
groove,4,8.0,0.3011236632582855,0.0034734179439302863,0.0
groove,4,12.0,0.3011236632582855,0.0034734179439302863,0.0
groove,4,20.0,0.3011236632582855,0.0034734179439302863,0.0
groove,4,inf,0.3011236632582855,0.0034734179439302863,0.0
groove,5,2.0,0.13496397666229942,0.03339159010128728,0.9583333333333334
groove,5,3.0,0.42564391111213207,0.012432593408315411,0.6333333333333333
groove,5,4.0,0.6306785924341736,0.005848474510685526,0.24375
groove,5,6.0,0.5952734645186382,0.004887071601422663,0.0
groove,5,8.0,0.5952734645186382,0.004887071601422663,0.0
groove,5,12.0,0.5952734645186382,0.004887071601422663,0.0
groove,5,20.0,0.5952734645186382,0.004887071601422663,0.0
groove,5,inf,0.5952734645186382,0.004887071601422663,0.0
house,1,2.0,-0.029558461650435408,0.1482209209892597,0.9375
house,1,3.0,0.15227361434234,0.12200803905835367,0.6541666666666667
house,1,4.0,0.1475528898305315,0.1125121737517381,0.2833333333333333
house,1,6.0,0.2387557265679484,0.10474419695336863,0.09791666666666667
house,1,8.0,0.2670830683114364,0.10287565568758587,0.05416666666666667
house,1,12.0,0.2670830683114364,0.10173759906010331,0.0
house,1,20.0,0.2670830683114364,0.10173759906010331,0.0
house,1,inf,0.2670830683114364,0.10173759906010331,0.0
house,2,2.0,0.0712740906107695,0.13759703563916725,0.9666666666666667
house,2,3.0,0.2258762121403235,0.08853941588393482,0.8041666666666667
house,2,4.0,0.13199938452231041,0.06728311043626607,0.4354166666666667
house,2,6.0,0.15756574168563564,0.05368456584499507,0.09583333333333334
house,2,8.0,0.17989281597283846,0.05181350558185591,0.027083333333333334
house,2,12.0,0.17989281597283846,0.05119745428942414,0.0
house,2,20.0,0.17989281597283846,0.05119745428942414,0.0
house,2,inf,0.17989281597283846,0.05119745428942414,0.0
house,3,2.0,0.218757834599632,0.1689016734195454,0.9333333333333333
house,3,3.0,0.35355992720322715,0.13600992355478808,0.71875
house,3,4.0,0.33035827531686446,0.12284371936269789,0.47708333333333336
house,3,6.0,0.45863761644542694,0.10824356543275948,0.14375
house,3,8.0,0.5238909322917532,0.10607912388560634,0.07083333333333333
house,3,12.0,0.5300073148654635,0.10468122493723062,0.0
house,3,20.0,0.5300073148654635,0.10468122493723062,0.0
house,3,inf,0.5300073148654635,0.10468122493723062,0.0
house,4,2.0,0.026050328262039457,0.1645197766825141,0.9
house,4,3.0,0.11180243951753843,0.1286990092580802,0.6520833333333333
house,4,4.0,0.06373382232006064,0.11248010355392006,0.3
house,4,6.0,0.1233518788979363,0.1023965694207645,0.10625
house,4,8.0,0.13774125824838968,0.1006233199241041,0.05416666666666667
house,4,12.0,0.17097430343782238,0.09963833175408422,0.0
house,4,20.0,0.17097430343782238,0.09963833175408422,0.0
house,4,inf,0.17097430343782238,0.09963833175408422,0.0
house,5,2.0,0.11115832690501815,0.15807049218516,0.95625
house,5,3.0,0.40710909484856717,0.126463717626253,0.7645833333333333
house,5,4.0,0.39719836799055097,0.11487016103229024,0.4666666666666667
house,5,6.0,0.47059535068112723,0.10305308785290339,0.13541666666666666
house,5,8.0,0.5115634769993846,0.10094634834145776,0.05625
house,5,12.0,0.5083121917265281,0.09995915649039694,0.0
house,5,20.0,0.5083121917265281,0.09995915649039694,0.0
house,5,inf,0.5083121917265281,0.09995915649039694,0.0
pop,1,2.0,-0.07373959304387634,0.16485914181571437,0.9583333333333334
pop,1,3.0,0.01137537147675749,0.12229778536041958,0.8666666666666667
pop,1,4.0,0.047523499215983755,0.09205493325216405,0.6979166666666666
pop,1,6.0,0.08409799033711463,0.07219622512639622,0.43125
pop,1,8.0,0.083762326095278,0.06244063535874055,0.18541666666666667
pop,1,12.0,0.13051456086681523,0.05678071034434319,0.09583333333333334
pop,1,20.0,0.1280193058150385,0.05309539767264655,0.0
pop,1,inf,0.1280193058150385,0.05309539767264655,0.0
pop,2,2.0,0.13709261981151322,0.2128929434119653,0.9458333333333333
pop,2,3.0,0.20713639982762,0.17411358968470994,0.825
pop,2,4.0,0.15149607287573208,0.15106552933035314,0.5166666666666667
pop,2,6.0,0.161324694705264,0.13549175731346735,0.2125
pop,2,8.0,0.22045092325296667,0.13166168438337264,0.10208333333333333
pop,2,12.0,0.2399106239303226,0.12934661088769406,0.004166666666666667
pop,2,20.0,0.2399106239303226,0.12934129195234875,0.0
pop,2,inf,0.2399106239303226,0.12934129195234875,0.0
pop,3,2.0,-0.1224488068833458,0.2120424843065868,0.9145833333333333
pop,3,3.0,-0.1158073868667695,0.1683591321802975,0.79375
pop,3,4.0,-0.11531025698832764,0.13795738221264517,0.71875
pop,3,6.0,0.032917255245637156,0.11711758264557909,0.42291666666666666
pop,3,8.0,0.0652635718806942,0.10899260307402855,0.21458333333333332
pop,3,12.0,0.13322187004368635,0.10498087490547853,0.1
pop,3,20.0,0.13769983773892108,0.10362050237505735,0.008333333333333333
pop,3,inf,0.13769983773892108,0.10362027773455572,0.0
pop,4,2.0,0.03902914845897687,0.16621744966395793,0.9833333333333333
pop,4,3.0,0.024506746524137424,0.12012397730001555,0.8958333333333334
pop,4,4.0,0.017613797179318103,0.08997831825216807,0.58125
pop,4,6.0,0.10623371848881846,0.07282494118821078,0.2875
pop,4,8.0,0.17302642254639533,0.06673273409399333,0.1375
pop,4,12.0,0.20797567758542845,0.06072578581061975,0.04375
pop,4,20.0,0.18190990603572432,0.057718426042850775,0.0
pop,4,inf,0.18190990603572432,0.057718426042850775,0.0
pop,5,2.0,-0.07269941481094389,0.23527949025602077,0.9416666666666667
pop,5,3.0,-0.024812305931875445,0.19340197397400885,0.8333333333333334
pop,5,4.0,0.13074441427353167,0.16571432327958752,0.6666666666666666
pop,5,6.0,0.17614862061401204,0.14667759153264395,0.40208333333333335
pop,5,8.0,0.24534527366422787,0.14036276468136055,0.22708333333333333
pop,5,12.0,0.310770819730932,0.13281438156727315,0.09791666666666667
pop,5,20.0,0.28568652307193443,0.12917252145461594,0.0020833333333333333
pop,5,inf,0.28568652307193443,0.1291713520543501,0.0
